date,areaName,areaCode,confirmedRate,latestBy,confirmed,deathNew,death,deathRate
2022-03-22,United Kingdom,K02000001,30431.4,94524,20413731,250,163929,244.4
2022-03-21,United Kingdom,K02000001,30290.8,226524,20319434,169,163679,244.0
2022-03-20,United Kingdom,K02000001,29954.4,0,20093762,0,163511,243.8
2022-03-19,United Kingdom,K02000001,29954.4,0,20093762,0,163511,243.8
2022-03-18,United Kingdom,K02000001,29954.4,90349,20093762,126,163511,243.8
2022-03-17,United Kingdom,K02000001,29817.0,89717,20001627,138,163386,243.6
2022-03-16,United Kingdom,K02000001,29682.2,91345,19911155,153,163248,243.4
2022-03-15,United Kingdom,K02000001,29546.5,109802,19820181,200,163095,243.1
2022-03-14,United Kingdom,K02000001,29368.8,170985,19700952,135,162873,242.8
2022-03-13,United Kingdom,K02000001,29114.7,0,19530485,0,162738,242.6
2022-03-12,United Kingdom,K02000001,29114.7,0,19530485,0,162738,242.6
2022-03-11,United Kingdom,K02000001,29114.7,72898,19530485,114,162738,242.6
2022-03-10,United Kingdom,K02000001,29006.6,71259,19457976,142,162624,242.4
2022-03-09,United Kingdom,K02000001,28881.2,67159,19373884,123,162482,242.2
2022-03-08,United Kingdom,K02000001,28781.5,61900,19307014,212,162359,242.0
2022-03-07,United Kingdom,K02000001,28689.5,126604,19245301,139,162147,241.7
2022-03-06,United Kingdom,K02000001,28501.5,0,19119181,0,162008,241.5
2022-03-05,United Kingdom,K02000001,28501.5,0,19119181,0,162008,241.5
2022-03-04,United Kingdom,K02000001,28501.5,44740,19119181,110,162008,241.5
2022-03-03,United Kingdom,K02000001,28435.2,45656,19074696,194,161898,241.3
2022-03-02,United Kingdom,K02000001,28367.6,44017,19029321,74,161704,241.1
2022-03-01,United Kingdom,K02000001,28302.4,39000,18985568,194,161630,240.9
2022-02-28,United Kingdom,K02000001,28155.0,82451,18886701,138,161361,240.5
2022-02-27,United Kingdom,K02000001,28032.8,0,18804765,0,161224,240.3
2022-02-26,United Kingdom,K02000001,28032.8,0,18804765,0,161224,240.3
2022-02-25,United Kingdom,K02000001,28032.8,31933,18804765,120,161224,240.3
2022-02-24,United Kingdom,K02000001,27985.7,38933,18773164,125,161104,240.2
2022-02-23,United Kingdom,K02000001,27928.4,39656,18734683,164,160979,240.0
2022-02-22,United Kingdom,K02000001,27869.9,41130,18695448,205,160815,239.7
2022-02-21,United Kingdom,K02000001,27808.9,38409,18654572,15,160610,239.4
2022-02-20,United Kingdom,K02000001,27752.1,31170,18616433,74,160595,239.4
2022-02-19,United Kingdom,K02000001,27705.8,39693,18585423,142,160521,239.3
2022-02-18,United Kingdom,K02000001,27647.4,47685,18546205,158,160379,239.1
2022-02-17,United Kingdom,K02000001,27577.1,51899,18499058,183,160221,238.8
2022-02-16,United Kingdom,K02000001,27500.5,54218,18447706,199,160038,238.6
2022-02-15,United Kingdom,K02000001,27420.4,46186,18393951,234,159839,238.3
2022-02-14,United Kingdom,K02000001,27352.0,41648,18348029,35,159605,237.9
2022-02-13,United Kingdom,K02000001,27290.4,41270,18306704,52,159570,237.9
2022-02-12,United Kingdom,K02000001,27229.5,46025,18265918,167,159518,237.8
2022-02-11,United Kingdom,K02000001,27161.9,58899,18220515,193,159351,237.5
2022-02-10,United Kingdom,K02000001,27074.9,66638,18162199,206,159158,237.3
2022-02-09,United Kingdom,K02000001,26833.3,68214,18000119,276,158953,237.0
2022-02-08,United Kingdom,K02000001,26733.0,66183,17932803,314,158677,236.5
2022-02-07,United Kingdom,K02000001,26634.3,57623,17866632,45,158363,236.1
2022-02-06,United Kingdom,K02000001,26549.1,57337,17809459,75,158318,236.0
2022-02-05,United Kingdom,K02000001,26464.8,63493,17752892,259,158243,235.9
2022-02-04,United Kingdom,K02000001,26370.8,84053,17689885,254,157984,235.5
2022-02-03,United Kingdom,K02000001,26248.5,88171,17607832,303,157730,235.1
2022-02-02,United Kingdom,K02000001,26117.2,92594,17519708,552,157427,234.7
2022-02-01,United Kingdom,K02000001,25981.0,112458,17428345,219,156875,233.9
2022-01-31,United Kingdom,K02000001,25813.3,92368,17315893,51,155754,232.2
2022-01-30,United Kingdom,K02000001,24564.9,69007,16478467,91,155704,232.1
2022-01-29,United Kingdom,K02000001,24462.1,76069,16409459,296,155613,232.0
2022-01-28,United Kingdom,K02000001,24349.6,89176,16333980,277,155317,231.5
2022-01-27,United Kingdom,K02000001,24217.6,96871,16245474,338,155040,231.1
2022-01-26,United Kingdom,K02000001,24074.3,102292,16149319,346,154702,230.6
2022-01-25,United Kingdom,K02000001,23922.8,94326,16047716,439,154356,230.1
2022-01-24,United Kingdom,K02000001,23782.6,88447,15953685,56,153916,229.4
2022-01-23,United Kingdom,K02000001,23652.4,78317,15866316,75,153862,229.4
2022-01-22,United Kingdom,K02000001,23535.5,80263,15787937,297,153787,229.3
2022-01-21,United Kingdom,K02000001,23418.0,95787,15709059,288,153490,228.8
2022-01-20,United Kingdom,K02000001,23275.2,107364,15613283,330,153202,228.4
2022-01-19,United Kingdom,K02000001,23116.4,108069,15506750,359,152872,227.9
2022-01-18,United Kingdom,K02000001,22956.2,94432,15399300,438,152513,227.4
2022-01-17,United Kingdom,K02000001,22816.2,84429,15305410,85,152075,226.7
2022-01-16,United Kingdom,K02000001,22690.9,75041,15221366,91,151990,226.6
2022-01-15,United Kingdom,K02000001,22580.2,81713,15147099,287,151899,226.4
2022-01-14,United Kingdom,K02000001,22459.9,99652,15066395,270,151612,226.0
2022-01-13,United Kingdom,K02000001,22313.0,109133,14967817,335,151342,225.6
2022-01-12,United Kingdom,K02000001,22155.4,129587,14862138,398,151007,225.1
2022-01-11,United Kingdom,K02000001,21962.3,120821,14732594,379,150609,224.5
2022-01-10,United Kingdom,K02000001,21790.5,142224,14617314,77,150230,224.0
2022-01-09,United Kingdom,K02000001,21578.6,141472,14475192,97,150154,223.8
2022-01-08,United Kingdom,K02000001,21367.8,146390,14333794,313,150057,223.7
2022-01-07,United Kingdom,K02000001,21158.3,178250,14193228,229,149744,223.2
2022-01-06,United Kingdom,K02000001,20892.7,179756,14015065,231,149515,222.9
2022-01-05,United Kingdom,K02000001,20624.7,194747,13835334,334,149284,222.5
2022-01-04,United Kingdom,K02000001,20335.8,218724,13641520,49,148950,222.0
2022-01-03,United Kingdom,K02000001,20009.8,157758,13422815,42,148901,222.0
2022-01-02,United Kingdom,K02000001,19776.7,151663,13266431,73,148859,221.9
2022-01-01,United Kingdom,K02000001,19554.6,179637,13117469,162,148786,221.8
2021-12-31,United Kingdom,K02000001,19286.9,189846,12937886,203,148624,221.6
2021-12-30,United Kingdom,K02000001,19003.9,189213,12748050,332,148421,221.3
2021-12-29,United Kingdom,K02000001,18723.5,183037,12559926,57,148089,220.8
2021-12-28,United Kingdom,K02000001,18452.0,138831,12377822,19,148032,220.7
2021-12-27,United Kingdom,K02000001,18246.2,109077,12239797,143,148013,220.6
2021-12-26,United Kingdom,K02000001,18085.7,119923,12132098,3,147870,220.4
2021-12-25,United Kingdom,K02000001,17908.4,121880,12013153,10,147867,220.4
2021-12-24,United Kingdom,K02000001,17726.7,122186,11891292,137,147857,220.4
2021-12-23,United Kingdom,K02000001,17545.8,119789,11769921,147,147720,220.2
2021-12-22,United Kingdom,K02000001,17363.2,109655,11647473,140,147573,220.0
2021-12-21,United Kingdom,K02000001,17206.2,90629,11542143,172,147433,219.8
2021-12-20,United Kingdom,K02000001,17073.5,91743,11453121,44,147261,219.5
2021-12-19,United Kingdom,K02000001,16936.8,82886,11361387,45,147218,219.5
2021-12-18,United Kingdom,K02000001,16814.6,90418,11279428,125,147173,219.4
2021-12-17,United Kingdom,K02000001,16681.8,93045,11190354,111,147048,219.2
2021-12-16,United Kingdom,K02000001,16543.9,88376,11097851,146,146937,219.0
2021-12-15,United Kingdom,K02000001,16413.4,78610,11010286,165,146791,218.8
2021-12-14,United Kingdom,K02000001,16297.5,59610,10932545,150,146627,218.6
2021-12-13,United Kingdom,K02000001,16209.4,54661,10873468,38,146477,218.4
2021-12-12,United Kingdom,K02000001,16129.0,48854,10819515,52,146439,218.3
2021-12-11,United Kingdom,K02000001,16057.3,54073,10771444,132,146387,218.2
2021-12-10,United Kingdom,K02000001,15979.4,58194,10719165,120,146255,218.0
2021-12-09,United Kingdom,K02000001,15892.6,50867,10660981,148,146135,217.8
2021-12-08,United Kingdom,K02000001,15818.1,51342,10610958,161,145987,217.6
2021-12-07,United Kingdom,K02000001,15742.6,45691,10560341,180,145826,217.4
2021-12-06,United Kingdom,K02000001,15675.4,51459,10515239,41,145646,217.1
2021-12-05,United Kingdom,K02000001,15599.6,43992,10464389,54,145605,217.1
2021-12-04,United Kingdom,K02000001,15535.1,42848,10421104,127,145551,217.0
2021-12-03,United Kingdom,K02000001,15473.2,50584,10379647,143,145424,216.8
2021-12-02,United Kingdom,K02000001,15397.9,53945,10329074,141,145281,216.6
2021-12-01,United Kingdom,K02000001,15318.8,48374,10276007,171,145140,216.4
2021-11-30,United Kingdom,K02000001,15248.3,39716,10228772,159,144969,216.1
2021-11-29,United Kingdom,K02000001,15189.1,42583,10189059,35,144810,215.9
2021-11-28,United Kingdom,K02000001,15126.3,37681,10146915,51,144775,215.8
2021-11-27,United Kingdom,K02000001,15071.9,39567,10110408,131,144724,215.7
2021-11-26,United Kingdom,K02000001,15012.9,50091,10070841,160,144593,215.5
2021-11-25,United Kingdom,K02000001,14939.3,47240,10021497,147,144433,215.3
2021-11-24,United Kingdom,K02000001,14869.8,43676,9974843,149,144286,215.1
2021-11-23,United Kingdom,K02000001,14806.5,42484,9932408,165,144137,214.9
2021-11-22,United Kingdom,K02000001,14743.2,44917,9889926,45,143972,214.6
2021-11-21,United Kingdom,K02000001,14677.0,40004,9845492,61,143927,214.6
2021-11-20,United Kingdom,K02000001,14618.1,40941,9806034,150,143866,214.5
2021-11-19,United Kingdom,K02000001,14558.7,44242,9766153,157,143716,214.2
2021-11-18,United Kingdom,K02000001,14492.8,46807,9721916,199,143559,214.0
2021-11-17,United Kingdom,K02000001,14422.9,38263,9675058,201,143360,213.7
2021-11-16,United Kingdom,K02000001,14366.4,37243,9637190,214,143159,213.4
2021-11-15,United Kingdom,K02000001,14311.6,39705,9600369,47,142945,213.1
2021-11-14,United Kingdom,K02000001,14253.0,36517,9561099,63,142898,213.0
2021-11-13,United Kingdom,K02000001,14199.2,38351,9524971,157,142835,212.9
2021-11-12,United Kingdom,K02000001,14143.0,40375,9487302,145,142678,212.7
2021-11-11,United Kingdom,K02000001,14085.0,42408,9448402,195,142533,212.5
2021-11-10,United Kingdom,K02000001,14021.8,39329,9406001,214,142338,212.2
2021-11-09,United Kingdom,K02000001,13963.2,33117,9366676,262,142124,211.9
2021-11-08,United Kingdom,K02000001,13914.3,32322,9333891,57,141862,211.5
2021-11-07,United Kingdom,K02000001,13866.6,30305,9301909,62,141805,211.4
2021-11-06,United Kingdom,K02000001,13822.1,30693,9272066,155,141743,211.3
2021-11-05,United Kingdom,K02000001,13777.2,34029,9241916,193,141588,211.1
2021-11-04,United Kingdom,K02000001,13727.0,37269,9208219,214,141395,210.8
2021-11-03,United Kingdom,K02000001,13672.5,41299,9171660,217,141181,210.5
2021-11-02,United Kingdom,K02000001,13611.6,33865,9130857,293,140964,210.1
2021-11-01,United Kingdom,K02000001,13561.6,40077,9097311,40,140672,209.7
2021-10-31,United Kingdom,K02000001,13502.5,38009,9057629,74,140632,209.6
2021-10-30,United Kingdom,K02000001,13446.3,41278,9019962,166,140558,209.5
2021-10-29,United Kingdom,K02000001,13385.6,43467,8979236,186,140392,209.3
2021-10-28,United Kingdom,K02000001,13321.4,39842,8936155,165,140206,209.0
2021-10-27,United Kingdom,K02000001,13263.2,43941,8897149,207,140041,208.8
2021-10-26,United Kingdom,K02000001,13197.8,40954,8853227,263,139834,208.5
2021-10-25,United Kingdom,K02000001,13133.0,36567,8809774,38,139571,208.1
2021-10-24,United Kingdom,K02000001,13079.2,39962,8773674,72,139533,208.0
2021-10-23,United Kingdom,K02000001,13021.4,44985,8734934,135,139461,207.9
2021-10-22,United Kingdom,K02000001,12954.4,49298,8689949,180,139326,207.7
2021-10-21,United Kingdom,K02000001,12881.7,52009,8641221,115,139146,207.4
2021-10-20,United Kingdom,K02000001,12805.0,49139,8589737,179,139031,207.3
2021-10-19,United Kingdom,K02000001,12732.6,43738,8541192,223,138852,207.0
2021-10-18,United Kingdom,K02000001,12668.0,49156,8497868,45,138629,206.7
2021-10-17,United Kingdom,K02000001,12595.4,45140,8449165,57,138584,206.6
2021-10-16,United Kingdom,K02000001,12528.8,43423,8404469,148,138527,206.5
2021-10-15,United Kingdom,K02000001,12465.0,44932,8361651,145,138379,206.3
2021-10-14,United Kingdom,K02000001,12399.1,45066,8317439,157,138237,206.1
2021-10-13,United Kingdom,K02000001,12332.6,42776,8272883,136,138080,205.8
2021-10-12,United Kingdom,K02000001,12270.8,38520,8231437,181,137944,205.6
2021-10-11,United Kingdom,K02000001,12214.7,40224,8193769,28,137763,205.4
2021-10-10,United Kingdom,K02000001,12155.9,34574,8154306,38,137735,205.3
2021-10-09,United Kingdom,K02000001,12105.8,34950,8120713,133,137697,205.3
2021-10-08,United Kingdom,K02000001,12055.5,41765,8087005,150,137564,205.1
2021-10-07,United Kingdom,K02000001,11995.0,40701,8046390,122,137417,204.9
2021-10-06,United Kingdom,K02000001,11935.8,39851,8006660,143,137295,204.7
2021-10-05,United Kingdom,K02000001,11878.1,33869,7967985,166,137152,204.5
2021-10-04,United Kingdom,K02000001,11828.8,35077,7934936,33,136986,204.2
2021-10-03,United Kingdom,K02000001,11777.8,30439,7900680,43,136953,204.2
2021-10-02,United Kingdom,K02000001,11733.6,30301,7871014,121,136910,204.1
2021-10-01,United Kingdom,K02000001,11689.7,35577,7841625,127,136789,203.9
2021-09-30,United Kingdom,K02000001,11638.2,36480,7807036,137,136662,203.7
2021-09-29,United Kingdom,K02000001,11584.9,36722,7771294,150,136525,203.5
2021-09-28,United Kingdom,K02000001,11532.6,34526,7736235,167,136375,203.3
2021-09-27,United Kingdom,K02000001,11481.2,37960,7701715,40,136208,203.0
2021-09-26,United Kingdom,K02000001,11425.3,32417,7664230,58,136168,203.0
2021-09-25,United Kingdom,K02000001,11377.8,32468,7632353,127,136110,202.9
2021-09-24,United Kingdom,K02000001,11331.8,35623,7601487,180,135983,202.7
2021-09-23,United Kingdom,K02000001,11278.7,36710,7565867,182,135803,202.4
2021-09-22,United Kingdom,K02000001,11225.3,34460,7530103,166,135621,202.2
2021-09-21,United Kingdom,K02000001,11175.3,31564,7496543,203,135455,201.9
2021-09-20,United Kingdom,K02000001,11129.0,36100,7465448,49,135252,201.6
2021-09-19,United Kingdom,K02000001,11075.7,29612,7429746,56,135203,201.6
2021-09-18,United Kingdom,K02000001,11032.5,30144,7400739,164,135147,201.5
2021-09-17,United Kingdom,K02000001,10988.6,32651,7371301,178,134983,201.2
2021-09-16,United Kingdom,K02000001,10940.5,26911,7339009,158,134805,201.0
2021-09-15,United Kingdom,K02000001,10901.2,30597,7312683,201,134647,200.7
2021-09-14,United Kingdom,K02000001,10856.7,26628,7282810,185,134446,200.4
2021-09-13,United Kingdom,K02000001,10817.6,30825,7256559,61,134261,200.1
2021-09-12,United Kingdom,K02000001,10772.4,29173,7226276,56,134200,200.1
2021-09-11,United Kingdom,K02000001,10729.8,29547,7197662,156,134144,200.0
2021-09-10,United Kingdom,K02000001,10686.8,37622,7168806,147,133988,199.7
2021-09-09,United Kingdom,K02000001,10632.0,38013,7132072,167,133841,199.5
2021-09-08,United Kingdom,K02000001,10576.1,38975,7094592,191,133674,199.3
2021-09-07,United Kingdom,K02000001,10518.7,37489,7056106,209,133483,199.0
2021-09-06,United Kingdom,K02000001,10463.3,41192,7018927,45,133274,198.7
2021-09-05,United Kingdom,K02000001,10402.5,37011,6978126,68,133229,198.6
2021-09-04,United Kingdom,K02000001,10348.1,37578,6941611,120,133161,198.5
2021-09-03,United Kingdom,K02000001,10293.4,42076,6904969,121,133041,198.3
2021-09-02,United Kingdom,K02000001,10230.7,38154,6862904,178,132920,198.1
2021-09-01,United Kingdom,K02000001,10174.3,35693,6825074,207,132742,197.9
2021-08-31,United Kingdom,K02000001,10121.4,32181,6789581,50,132535,197.6
2021-08-30,United Kingdom,K02000001,10073.8,26476,6757650,48,132485,197.5
2021-08-29,United Kingdom,K02000001,10034.7,33196,6731423,61,132437,197.4
2021-08-28,United Kingdom,K02000001,9985.6,32406,6698486,133,132376,197.3
2021-08-27,United Kingdom,K02000001,9937.8,38046,6666399,100,132243,197.1
2021-08-26,United Kingdom,K02000001,9881.6,38281,6628709,140,132143,197.0
2021-08-25,United Kingdom,K02000001,9825.0,35847,6590747,149,132003,196.8
2021-08-24,United Kingdom,K02000001,9772.0,30838,6555200,174,131854,196.6
2021-08-23,United Kingdom,K02000001,9726.4,31914,6524581,40,131680,196.3
2021-08-22,United Kingdom,K02000001,9679.2,32253,6492906,49,131640,196.2
2021-08-21,United Kingdom,K02000001,9631.5,32058,6460930,104,131591,196.2
2021-08-20,United Kingdom,K02000001,9584.1,37314,6429147,114,131487,196.0
2021-08-19,United Kingdom,K02000001,9529.0,36572,6392160,113,131373,195.8
2021-08-18,United Kingdom,K02000001,9474.9,33904,6355887,111,131260,195.7
2021-08-17,United Kingdom,K02000001,9424.8,26852,6322241,170,131149,195.5
2021-08-16,United Kingdom,K02000001,9385.1,28438,6295613,26,130979,195.3
2021-08-15,United Kingdom,K02000001,9343.1,26750,6267437,61,130953,195.2
2021-08-14,United Kingdom,K02000001,9303.7,29520,6241011,93,130894,195.1
2021-08-13,United Kingdom,K02000001,9260.2,32700,6211868,100,130801,195.0
2021-08-12,United Kingdom,K02000001,9212.0,33074,6179506,94,130701,194.8
2021-08-11,United Kingdom,K02000001,9163.2,29612,6146800,104,130607,194.7
2021-08-10,United Kingdom,K02000001,9119.6,23510,6117540,146,130503,194.5
2021-08-09,United Kingdom,K02000001,9084.9,25161,6094243,37,130357,194.3
2021-08-08,United Kingdom,K02000001,9047.8,27429,6069362,39,130320,194.3
2021-08-07,United Kingdom,K02000001,9007.4,28612,6042252,103,130281,194.2
2021-08-06,United Kingdom,K02000001,8965.3,31808,6014023,92,130178,194.1
2021-08-05,United Kingdom,K02000001,8918.4,30215,5982581,86,130086,193.9
2021-08-04,United Kingdom,K02000001,8874.0,29312,5952756,119,130000,193.8
2021-08-03,United Kingdom,K02000001,8830.8,21691,5923820,138,129881,193.6
2021-08-02,United Kingdom,K02000001,8798.8,21952,5902354,24,129743,193.4
2021-08-01,United Kingdom,K02000001,8766.5,24470,5880667,65,129719,193.4
2021-07-31,United Kingdom,K02000001,8730.5,26144,5856528,71,129654,193.3
2021-07-30,United Kingdom,K02000001,8692.1,29622,5830774,68,129583,193.2
2021-07-29,United Kingdom,K02000001,8648.6,31117,5801561,85,129515,193.1
2021-07-28,United Kingdom,K02000001,8602.9,27734,5770928,91,129430,192.9
2021-07-27,United Kingdom,K02000001,8565.0,23511,5745526,131,129303,192.8
2021-07-26,United Kingdom,K02000001,8530.4,24950,5722298,14,129172,192.6
2021-07-25,United Kingdom,K02000001,8494.0,29173,5697912,28,129158,192.5
2021-07-24,United Kingdom,K02000001,8451.3,31795,5669260,86,129130,192.5
2021-07-23,United Kingdom,K02000001,8404.7,36389,5637975,64,129044,192.4
2021-07-22,United Kingdom,K02000001,8351.5,39906,5602321,84,128980,192.3
2021-07-21,United Kingdom,K02000001,8292.9,44104,5563006,73,128896,192.1
2021-07-20,United Kingdom,K02000001,8228.2,46558,5519602,96,128823,192.0
2021-07-19,United Kingdom,K02000001,8159.5,39950,5473477,19,128727,191.9
2021-07-18,United Kingdom,K02000001,8100.5,48161,5433939,25,128708,191.9
2021-07-17,United Kingdom,K02000001,8029.6,54674,5386340,41,128683,191.8
2021-07-16,United Kingdom,K02000001,7949.1,51870,5332371,49,128642,191.8
2021-07-15,United Kingdom,K02000001,7872.7,48553,5281098,63,128593,191.7
2021-07-14,United Kingdom,K02000001,7801.3,42302,5233207,49,128530,191.6
2021-07-13,United Kingdom,K02000001,7739.1,36660,5191459,50,128481,191.5
2021-07-12,United Kingdom,K02000001,7685.1,34471,5155243,6,128431,191.5
2021-07-11,United Kingdom,K02000001,7634.4,31772,5121245,26,128425,191.4
2021-07-10,United Kingdom,K02000001,7587.7,32367,5089893,34,128399,191.4
2021-07-09,United Kingdom,K02000001,7540.3,35707,5058093,29,128365,191.4
2021-07-08,United Kingdom,K02000001,7487.8,32551,5022893,35,128336,191.3
2021-07-07,United Kingdom,K02000001,7440.1,32548,4990916,33,128301,191.3
2021-07-06,United Kingdom,K02000001,7392.3,28773,4958868,37,128268,191.2
2021-07-05,United Kingdom,K02000001,7350.1,27334,4930534,9,128231,191.2
2021-07-04,United Kingdom,K02000001,7309.7,24248,4903434,15,128222,191.1
2021-07-03,United Kingdom,K02000001,7274.2,24885,4879616,18,128207,191.1
2021-07-02,United Kingdom,K02000001,7237.7,27125,4855169,27,128189,191.1
2021-07-01,United Kingdom,K02000001,7197.9,27989,4828463,22,128162,191.1
2021-06-30,United Kingdom,K02000001,7156.9,26068,4800907,14,128140,191.0
2021-06-29,United Kingdom,K02000001,7118.7,20479,4775301,23,128126,191.0
2021-06-28,United Kingdom,K02000001,7088.5,22868,4755078,3,128103,191.0
2021-06-27,United Kingdom,K02000001,7054.8,14876,4732434,11,128100,191.0
2021-06-26,United Kingdom,K02000001,7033.0,18270,4717811,23,128089,190.9
2021-06-25,United Kingdom,K02000001,7006.2,15810,4699868,18,128066,190.9
2021-06-24,United Kingdom,K02000001,6983.4,16703,4684572,21,128048,190.9
2021-06-23,United Kingdom,K02000001,6958.5,16135,4667870,19,128027,190.9
2021-06-22,United Kingdom,K02000001,6934.9,11625,4651988,27,128008,190.8
2021-06-21,United Kingdom,K02000001,6917.7,10633,4640507,5,127981,190.8
2021-06-20,United Kingdom,K02000001,6902.1,9284,4630040,6,127976,190.8
2021-06-19,United Kingdom,K02000001,6888.6,10321,4620968,14,127970,190.8
2021-06-18,United Kingdom,K02000001,6873.6,10476,4610893,11,127956,190.7
2021-06-17,United Kingdom,K02000001,6858.3,11007,4600623,19,127945,190.7
2021-06-16,United Kingdom,K02000001,6842.2,9055,4589814,9,127926,190.7
2021-06-15,United Kingdom,K02000001,6829.0,7673,4581006,10,127917,190.7
2021-06-14,United Kingdom,K02000001,6817.7,7742,4573419,3,127907,190.7
2021-06-13,United Kingdom,K02000001,6806.4,7490,4565813,8,127904,190.7
2021-06-12,United Kingdom,K02000001,6795.5,7738,4558494,12,127896,190.7
2021-06-11,United Kingdom,K02000001,6784.2,8125,4550944,17,127884,190.6
2021-06-10,United Kingdom,K02000001,6772.4,7393,4542986,7,127867,190.6
2021-06-09,United Kingdom,K02000001,6761.6,7540,4535754,6,127860,190.6
2021-06-08,United Kingdom,K02000001,6750.7,6048,4528442,13,127854,190.6
2021-06-07,United Kingdom,K02000001,6741.8,5683,4522476,1,127841,190.6
2021-06-06,United Kingdom,K02000001,6733.5,5341,4516892,4,127840,190.6
2021-06-05,United Kingdom,K02000001,6725.7,5765,4511669,13,127836,190.6
2021-06-04,United Kingdom,K02000001,6717.3,6238,4506018,11,127823,190.5
2021-06-03,United Kingdom,K02000001,6708.1,5274,4499878,18,127812,190.5
2021-06-02,United Kingdom,K02000001,6700.4,4330,4494699,12,127794,190.5
2021-06-01,United Kingdom,K02000001,6694.0,3165,4490438,0,127782,190.5
2021-05-31,United Kingdom,K02000001,6689.4,3383,4487339,1,127782,190.5
2021-05-30,United Kingdom,K02000001,6684.5,3240,4484056,6,127781,190.5
2021-05-29,United Kingdom,K02000001,6679.9,3398,4480945,7,127775,190.5
2021-05-28,United Kingdom,K02000001,6675.0,4182,4477705,10,127768,190.5
2021-05-27,United Kingdom,K02000001,6669.0,3542,4473677,10,127758,190.5
2021-05-26,United Kingdom,K02000001,6664.0,3180,4470297,9,127748,190.4
2021-05-25,United Kingdom,K02000001,6659.6,2493,4467310,15,127739,190.4
2021-05-24,United Kingdom,K02000001,6656.0,2439,4464900,3,127724,190.4
2021-05-23,United Kingdom,K02000001,6652.4,2235,4462538,5,127721,190.4
2021-05-22,United Kingdom,K02000001,6649.3,2694,4460446,6,127716,190.4
2021-05-21,United Kingdom,K02000001,6645.6,2829,4457923,9,127710,190.4
2021-05-20,United Kingdom,K02000001,6641.5,2874,4455221,7,127701,190.4
2021-05-19,United Kingdom,K02000001,6637.5,2696,4452527,3,127694,190.4
2021-05-18,United Kingdom,K02000001,6634.3,2412,4450392,7,127691,190.4
2021-05-17,United Kingdom,K02000001,6637.9,1979,4452756,5,127684,190.3
2021-05-16,United Kingdom,K02000001,6634.9,1926,4450777,4,127679,190.3
2021-05-15,United Kingdom,K02000001,6632.0,2027,4448851,7,127675,190.3
2021-05-14,United Kingdom,K02000001,6629.0,2193,4446824,17,127668,190.3
2021-05-13,United Kingdom,K02000001,6625.7,2657,4444631,11,127651,190.3
2021-05-12,United Kingdom,K02000001,6621.8,2284,4441975,11,127640,190.3
2021-05-11,United Kingdom,K02000001,6618.4,2474,4439691,20,127629,190.3
2021-05-10,United Kingdom,K02000001,6614.7,2357,4437217,4,127609,190.2
2021-05-09,United Kingdom,K02000001,6611.2,1770,4434860,2,127605,190.2
2021-05-08,United Kingdom,K02000001,6608.5,2047,4433090,5,127603,190.2
2021-05-07,United Kingdom,K02000001,6605.5,2490,4431043,15,127598,190.2
2021-05-06,United Kingdom,K02000001,6601.8,2613,4428553,13,127583,190.2
2021-05-05,United Kingdom,K02000001,6597.9,2144,4425940,27,127570,190.2
2021-05-04,United Kingdom,K02000001,6594.7,1946,4423796,4,127543,190.1
2021-05-03,United Kingdom,K02000001,6591.8,1649,4421850,1,127539,190.1
2021-05-02,United Kingdom,K02000001,6589.3,1671,4420201,14,127538,190.1
2021-05-01,United Kingdom,K02000001,6586.8,1907,4418530,7,127524,190.1
2021-04-30,United Kingdom,K02000001,6584.0,2381,4416623,15,127517,190.1
2021-04-29,United Kingdom,K02000001,6580.4,2445,4414242,22,127502,190.1
2021-04-28,United Kingdom,K02000001,6576.8,2166,4411797,29,127480,190.0
2021-04-27,United Kingdom,K02000001,6573.6,2685,4409631,17,127451,190.0
2021-04-26,United Kingdom,K02000001,6569.6,2064,4406946,6,127434,190.0
2021-04-25,United Kingdom,K02000001,6566.5,1712,4404882,11,127428,190.0
2021-04-24,United Kingdom,K02000001,6563.9,2061,4403170,32,127417,189.9
2021-04-23,United Kingdom,K02000001,6560.9,2678,4401109,40,127385,189.9
2021-04-22,United Kingdom,K02000001,6556.9,2729,4398431,18,127345,189.8
2021-04-21,United Kingdom,K02000001,6552.8,2396,4395703,22,127327,189.8
2021-04-20,United Kingdom,K02000001,6549.2,2524,4393307,33,127307,189.8
2021-04-19,United Kingdom,K02000001,6545.5,2963,4390783,4,127274,189.7
2021-04-18,United Kingdom,K02000001,6541.1,1882,4387820,10,127270,189.7
2021-04-17,United Kingdom,K02000001,6538.2,2206,4385938,35,127260,189.7
2021-04-16,United Kingdom,K02000001,6535.0,2596,4383732,34,127225,189.7
2021-04-15,United Kingdom,K02000001,6530.9,2672,4380976,30,127191,189.6
2021-04-14,United Kingdom,K02000001,6526.9,2491,4378305,38,127161,189.6
2021-04-13,United Kingdom,K02000001,6523.2,2472,4375814,23,127123,189.5
2021-04-12,United Kingdom,K02000001,6519.5,3568,4373343,13,127100,189.5
2021-04-11,United Kingdom,K02000001,6514.2,1730,4369775,7,127087,189.5
2021-04-10,United Kingdom,K02000001,6511.6,2589,4368045,40,127080,189.4
2021-04-09,United Kingdom,K02000001,6507.7,3150,4365461,60,127040,189.4
2021-04-08,United Kingdom,K02000001,6515.0,3030,4370321,53,126980,189.3
2021-04-07,United Kingdom,K02000001,6510.5,2763,4367291,45,126927,189.2
2021-04-06,United Kingdom,K02000001,6506.3,2379,4364529,20,126882,189.1
2021-04-05,United Kingdom,K02000001,6502.8,2762,4362150,26,126862,189.1
2021-04-04,United Kingdom,K02000001,6498.7,2297,4359388,10,126836,189.1
2021-04-03,United Kingdom,K02000001,6495.2,3423,4357091,10,126826,189.1
2021-04-02,United Kingdom,K02000001,6490.1,3402,4353668,52,126816,189.0
2021-04-01,United Kingdom,K02000001,6485.1,4479,4350266,51,126764,189.0
2021-03-31,United Kingdom,K02000001,6478.4,4052,4345788,43,126713,188.9
2021-03-30,United Kingdom,K02000001,6472.4,4040,4341736,56,126670,188.8
2021-03-29,United Kingdom,K02000001,6466.3,4654,4337696,23,126615,188.7
2021-03-28,United Kingdom,K02000001,6459.4,3862,4333042,19,126592,188.7
2021-03-27,United Kingdom,K02000001,6453.6,4715,4329180,58,126573,188.7
2021-03-26,United Kingdom,K02000001,6447.9,6187,4325315,70,126515,188.6
2021-03-25,United Kingdom,K02000001,6438.7,6397,4319128,63,126445,188.5
2021-03-24,United Kingdom,K02000001,6429.4,5605,4312908,98,126382,188.4
2021-03-23,United Kingdom,K02000001,6421.0,5379,4307304,112,126284,188.3
2021-03-22,United Kingdom,K02000001,6413.0,5342,4301925,17,126172,188.1
2021-03-21,United Kingdom,K02000001,6405.0,5312,4296583,33,126155,188.1
2021-03-20,United Kingdom,K02000001,6397.1,5587,4291271,96,126122,188.0
2021-03-19,United Kingdom,K02000001,6388.8,4802,4285684,101,126026,187.9
2021-03-18,United Kingdom,K02000001,6381.6,6303,4280882,95,125926,187.7
2021-03-17,United Kingdom,K02000001,6372.2,5758,4274579,141,125831,187.6
2021-03-16,United Kingdom,K02000001,6363.7,5294,4268821,110,125690,187.4
2021-03-15,United Kingdom,K02000001,6355.8,5089,4263527,64,125580,187.2
2021-03-14,United Kingdom,K02000001,6348.2,4618,4258438,52,125516,187.1
2021-03-13,United Kingdom,K02000001,6341.3,5534,4253820,121,125464,187.0
2021-03-12,United Kingdom,K02000001,6333.0,6609,4248286,175,125343,186.9
2021-03-11,United Kingdom,K02000001,6323.2,6753,4241677,181,125168,186.6
2021-03-10,United Kingdom,K02000001,6313.1,5926,4234924,190,124987,186.3
2021-03-09,United Kingdom,K02000001,6304.3,5766,4228998,231,124797,186.0
2021-03-08,United Kingdom,K02000001,6295.7,4712,4223232,65,124566,185.7
2021-03-07,United Kingdom,K02000001,6288.7,5177,4218520,82,124501,185.6
2021-03-06,United Kingdom,K02000001,6281.0,6040,4213343,158,124419,185.5
2021-03-05,United Kingdom,K02000001,6272.0,5947,4207304,236,124261,185.2
2021-03-04,United Kingdom,K02000001,6263.1,6573,4201358,242,124025,184.9
2021-03-03,United Kingdom,K02000001,6253.3,6385,4194785,315,123783,184.5
2021-03-02,United Kingdom,K02000001,6243.8,6391,4188400,343,123296,183.8
2021-03-01,United Kingdom,K02000001,6234.2,5455,4182009,104,122953,183.3
2021-02-28,United Kingdom,K02000001,6226.1,6035,4176554,144,122849,183.1
2021-02-27,United Kingdom,K02000001,6217.1,7434,4170519,290,122705,182.9
2021-02-26,United Kingdom,K02000001,6206.0,8523,4163085,345,122415,182.5
2021-02-25,United Kingdom,K02000001,6193.3,9985,4154562,323,122070,182.0
2021-02-24,United Kingdom,K02000001,6178.4,9938,4144577,442,121747,181.5
2021-02-23,United Kingdom,K02000001,6163.6,8489,4134639,548,121305,180.8
2021-02-22,United Kingdom,K02000001,6151.0,10641,4126150,178,120757,180.0
2021-02-21,United Kingdom,K02000001,6135.1,9834,4115509,215,120580,179.8
2021-02-20,United Kingdom,K02000001,6120.5,10406,4105675,445,120365,179.4
2021-02-19,United Kingdom,K02000001,6104.9,12027,4095269,533,119920,178.8
2021-02-18,United Kingdom,K02000001,6087.0,12057,4083242,454,119387,178.0
2021-02-17,United Kingdom,K02000001,6069.0,12718,4071185,738,118933,177.3
2021-02-16,United Kingdom,K02000001,6050.1,10625,4058468,799,118195,176.2
2021-02-15,United Kingdom,K02000001,6034.2,9765,4047843,230,117396,175.0
2021-02-14,United Kingdom,K02000001,6019.7,10972,4038078,258,117166,174.7
2021-02-13,United Kingdom,K02000001,6003.3,13308,4027106,621,116908,174.3
2021-02-12,United Kingdom,K02000001,5983.5,15144,4013799,758,116287,173.4
2021-02-11,United Kingdom,K02000001,5960.9,13494,3998655,678,115529,172.2
2021-02-10,United Kingdom,K02000001,5940.8,13013,3985161,1001,114851,171.2
2021-02-09,United Kingdom,K02000001,5921.4,12364,3972148,1052,113850,169.7
2021-02-08,United Kingdom,K02000001,5903.0,14104,3959784,333,112798,168.2
2021-02-07,United Kingdom,K02000001,5881.9,15845,3945680,373,112465,167.7
2021-02-06,United Kingdom,K02000001,5858.3,18262,3929835,828,112092,167.1
2021-02-05,United Kingdom,K02000001,5831.1,19114,3911573,1014,111264,165.9
2021-02-04,United Kingdom,K02000001,5802.6,20634,3892459,915,110250,164.4
2021-02-03,United Kingdom,K02000001,5771.8,19202,3871825,1322,109335,163.0
2021-02-02,United Kingdom,K02000001,5743.2,16840,3852623,1449,108013,161.0
2021-02-01,United Kingdom,K02000001,5718.1,18607,3835783,406,106564,158.9
2021-01-31,United Kingdom,K02000001,5690.4,21088,3817176,587,106158,158.3
2021-01-30,United Kingdom,K02000001,5658.9,23275,3796088,1200,105571,157.4
2021-01-29,United Kingdom,K02000001,5624.2,29079,3772813,1245,104371,155.6
2021-01-28,United Kingdom,K02000001,5580.9,28680,3743734,1239,103126,153.7
2021-01-27,United Kingdom,K02000001,5538.1,25308,3715054,1725,101887,151.9
2021-01-26,United Kingdom,K02000001,5500.4,20089,3689746,1631,100162,149.3
2021-01-25,United Kingdom,K02000001,5470.5,22195,3669658,592,98531,146.9
2021-01-24,United Kingdom,K02000001,5437.4,30004,3647463,610,97939,146.0
2021-01-23,United Kingdom,K02000001,5392.7,33552,3617459,1348,97329,145.1
2021-01-22,United Kingdom,K02000001,5342.6,40261,3583907,1401,95981,143.1
2021-01-21,United Kingdom,K02000001,5282.6,37892,3543646,1290,94580,141.0
2021-01-20,United Kingdom,K02000001,5226.1,38905,3505754,1820,93290,139.1
2021-01-19,United Kingdom,K02000001,5168.1,33355,3466849,1610,91470,136.4
2021-01-18,United Kingdom,K02000001,5118.4,37535,3433494,599,89860,134.0
2021-01-17,United Kingdom,K02000001,5062.5,38598,3395959,671,89261,133.1
2021-01-16,United Kingdom,K02000001,5004.9,41346,3357361,1295,88590,132.1
2021-01-15,United Kingdom,K02000001,4943.3,55761,3316019,1280,87295,130.1
2021-01-14,United Kingdom,K02000001,4860.2,48682,3260258,1248,86015,128.2
2021-01-13,United Kingdom,K02000001,4787.6,47525,3211576,1564,84767,126.4
2021-01-12,United Kingdom,K02000001,4716.7,45533,3164051,1243,83203,124.0
2021-01-11,United Kingdom,K02000001,4648.9,46169,3118518,529,81960,122.2
2021-01-10,United Kingdom,K02000001,4580.0,54940,3072349,563,81431,121.4
2021-01-09,United Kingdom,K02000001,4498.1,59937,3017409,1035,80868,120.6
2021-01-08,United Kingdom,K02000001,4408.8,68053,2957472,1325,79833,119.0
2021-01-07,United Kingdom,K02000001,4307.3,52618,2889419,1162,78508,117.0
2021-01-06,United Kingdom,K02000001,4228.9,62322,2836801,1041,77346,115.3
2021-01-05,United Kingdom,K02000001,4136.0,60916,2774479,830,76305,113.8
2021-01-04,United Kingdom,K02000001,4045.2,58784,2713563,407,75475,112.5
2021-01-03,United Kingdom,K02000001,3957.6,54990,2654779,455,75068,111.9
2021-01-02,United Kingdom,K02000001,3875.6,57725,2599789,445,74613,111.2
2021-01-01,United Kingdom,K02000001,3789.5,53285,2542065,656,74168,110.6
2020-12-31,United Kingdom,K02000001,3710.1,55892,2488780,964,73512,109.6
2020-12-30,United Kingdom,K02000001,3626.8,50023,2432888,981,72548,108.1
2020-12-29,United Kingdom,K02000001,3552.2,53135,2382865,414,71567,106.7
2020-12-28,United Kingdom,K02000001,3473.0,41385,2329730,357,71153,106.1
2020-12-27,United Kingdom,K02000001,3411.3,30501,2288345,317,70796,105.5
2020-12-26,United Kingdom,K02000001,3365.8,35691,2257844,230,70479,105.1
2020-12-25,United Kingdom,K02000001,3312.6,32725,2222153,613,70249,104.7
2020-12-24,United Kingdom,K02000001,3263.8,39877,2189428,585,69636,103.8
2020-12-23,United Kingdom,K02000001,3204.4,39237,2149551,744,69051,102.9
2020-12-22,United Kingdom,K02000001,3145.9,36804,2110314,691,68307,101.8
2020-12-21,United Kingdom,K02000001,3091.0,33364,2073511,215,67616,100.8
2020-12-20,United Kingdom,K02000001,3041.3,35928,2040147,326,67401,100.5
2020-12-19,United Kingdom,K02000001,2987.7,27052,2004219,534,67075,100.0
2020-12-18,United Kingdom,K02000001,2947.4,28507,1977167,489,66541,99.2
2020-12-17,United Kingdom,K02000001,2904.9,35383,1948660,532,66052,98.5
2020-12-16,United Kingdom,K02000001,2852.2,25161,1913277,613,65520,97.7
2020-12-15,United Kingdom,K02000001,2814.7,18450,1888116,506,64908,96.8
2020-12-14,United Kingdom,K02000001,2787.2,20263,1869666,232,64402,96.0
2020-12-13,United Kingdom,K02000001,2757.0,18447,1849403,144,64170,95.7
2020-12-12,United Kingdom,K02000001,2729.5,21502,1830956,519,64026,95.4
2020-12-11,United Kingdom,K02000001,2697.4,21672,1809455,424,63506,94.7
2020-12-10,United Kingdom,K02000001,2665.1,20964,1787783,516,63082,94.0
2020-12-09,United Kingdom,K02000001,2633.8,16578,1766819,533,62566,93.3
2020-12-08,United Kingdom,K02000001,2609.1,12282,1750241,616,62033,92.5
2020-12-07,United Kingdom,K02000001,2590.8,14718,1737960,189,61434,91.6
2020-12-06,United Kingdom,K02000001,2568.9,17272,1723242,231,61245,91.3
2020-12-05,United Kingdom,K02000001,2543.1,15539,1705971,397,61014,91.0
2020-12-04,United Kingdom,K02000001,2520.0,16298,1690432,504,60617,90.4
2020-12-03,United Kingdom,K02000001,2495.7,14879,1674134,414,60113,89.6
2020-12-02,United Kingdom,K02000001,2473.5,16170,1659256,648,59699,89.0
2020-12-01,United Kingdom,K02000001,2449.4,13430,1643086,603,59051,88.0
2020-11-30,United Kingdom,K02000001,2429.4,12330,1629657,205,58448,87.1
2020-11-29,United Kingdom,K02000001,2411.0,12155,1617327,215,58245,86.8
2020-11-28,United Kingdom,K02000001,2392.9,15871,1605172,479,58030,86.5
2020-11-27,United Kingdom,K02000001,2369.2,16022,1589301,521,57551,85.8
2020-11-26,United Kingdom,K02000001,2347.2,17555,1574562,498,57031,85.0
2020-11-25,United Kingdom,K02000001,2321.1,18213,1557007,696,56533,84.3
2020-11-24,United Kingdom,K02000001,2293.9,11299,1538794,608,55838,83.2
2020-11-23,United Kingdom,K02000001,2277.1,15450,1527495,206,55230,82.3
2020-11-22,United Kingdom,K02000001,2254.1,18662,1512045,398,55024,82.0
2020-11-21,United Kingdom,K02000001,2226.2,19875,1493383,341,54626,81.4
2020-11-20,United Kingdom,K02000001,2196.6,20252,1473508,511,54286,80.9
2020-11-19,United Kingdom,K02000001,2166.4,22915,1453256,501,53775,80.2
2020-11-18,United Kingdom,K02000001,2132.3,19609,1430341,529,53274,79.4
2020-11-17,United Kingdom,K02000001,2103.0,20051,1410732,598,52745,78.6
2020-11-16,United Kingdom,K02000001,2073.1,21363,1390681,213,52147,77.7
2020-11-15,United Kingdom,K02000001,2041.3,24962,1369318,168,51934,77.4
2020-11-14,United Kingdom,K02000001,2004.1,26860,1344356,462,51766,77.2
2020-11-13,United Kingdom,K02000001,1964.0,27301,1317496,376,51304,76.5
2020-11-12,United Kingdom,K02000001,1923.3,33470,1290195,563,50928,75.9
2020-11-11,United Kingdom,K02000001,1873.4,22950,1256725,595,50365,75.1
2020-11-10,United Kingdom,K02000001,1839.2,20412,1233775,532,49770,74.2
2020-11-09,United Kingdom,K02000001,1808.8,21350,1213363,194,49238,73.4
2020-11-08,United Kingdom,K02000001,1777.0,20572,1192013,156,49044,73.1
2020-11-07,United Kingdom,K02000001,1746.3,24957,1171441,413,48888,72.9
2020-11-06,United Kingdom,K02000001,1709.1,23287,1146484,355,48475,72.3
2020-11-05,United Kingdom,K02000001,1674.4,24141,1123197,378,48120,71.7
2020-11-04,United Kingdom,K02000001,1638.4,25177,1099059,492,47742,71.2
2020-11-03,United Kingdom,K02000001,1600.9,20018,1073882,397,47250,70.4
2020-11-02,United Kingdom,K02000001,1571.0,18950,1053864,136,46853,69.8
2020-11-01,United Kingdom,K02000001,1542.8,23254,1034914,162,46717,69.6
2020-10-31,United Kingdom,K02000001,1508.1,21915,1011660,326,46555,69.4
2020-10-30,United Kingdom,K02000001,1475.4,24405,989745,274,46229,68.9
2020-10-29,United Kingdom,K02000001,1439.1,23065,965340,280,45955,68.5
2020-10-28,United Kingdom,K02000001,1404.7,24701,942275,310,45675,68.1
2020-10-27,United Kingdom,K02000001,1367.9,22885,917575,367,45365,67.6
2020-10-26,United Kingdom,K02000001,1333.7,20890,894690,102,44998,67.1
2020-10-25,United Kingdom,K02000001,1302.6,19790,873800,151,44896,66.9
2020-10-24,United Kingdom,K02000001,1273.1,23012,854010,174,44745,66.7
2020-10-23,United Kingdom,K02000001,1238.8,20530,830998,224,44571,66.4
2020-10-22,United Kingdom,K02000001,1208.2,21242,810467,189,44347,66.1
2020-10-21,United Kingdom,K02000001,1176.5,26688,789229,191,44158,65.8
2020-10-20,United Kingdom,K02000001,1136.7,21331,762542,241,43967,65.5
2020-10-19,United Kingdom,K02000001,1104.9,18804,741212,80,43726,65.2
2020-10-18,United Kingdom,K02000001,1076.9,16982,722409,67,43646,65.1
2020-10-17,United Kingdom,K02000001,1051.6,16171,705428,150,43579,65.0
2020-10-16,United Kingdom,K02000001,1027.5,15650,689257,136,43429,64.7
2020-10-15,United Kingdom,K02000001,1004.2,18980,673622,138,43293,64.5
2020-10-14,United Kingdom,K02000001,975.9,19724,654644,137,43155,64.3
2020-10-13,United Kingdom,K02000001,946.5,17234,634920,143,43018,64.1
2020-10-12,United Kingdom,K02000001,920.8,13972,617688,50,42875,63.9
2020-10-11,United Kingdom,K02000001,900.0,12872,603716,65,42825,63.8
2020-10-10,United Kingdom,K02000001,880.8,15166,590844,81,42760,63.7
2020-10-09,United Kingdom,K02000001,858.2,13864,575679,87,42679,63.6
2020-10-08,United Kingdom,K02000001,837.5,17540,561815,77,42592,63.5
2020-10-07,United Kingdom,K02000001,811.4,14162,544275,70,42515,63.4
2020-10-06,United Kingdom,K02000001,790.3,14542,530113,76,42445,63.3
2020-10-05,United Kingdom,K02000001,768.6,12594,515571,19,42369,63.2
2020-10-04,United Kingdom,K02000001,749.8,22961,502978,33,42350,63.1
2020-10-03,United Kingdom,K02000001,715.6,12872,480017,49,42317,63.1
2020-10-02,United Kingdom,K02000001,696.4,6968,467146,66,42268,63.0
2020-10-01,United Kingdom,K02000001,686.0,6914,460178,59,42202,62.9
2020-09-30,United Kingdom,K02000001,675.7,7108,453264,71,42143,62.8
2020-09-29,United Kingdom,K02000001,665.1,7143,446156,71,42072,62.7
2020-09-28,United Kingdom,K02000001,654.4,4044,439013,13,42001,62.6
2020-09-27,United Kingdom,K02000001,648.4,5693,434969,17,41988,62.6
2020-09-26,United Kingdom,K02000001,639.9,6042,429277,34,41971,62.6
2020-09-25,United Kingdom,K02000001,630.9,6874,423236,35,41937,62.5
2020-09-24,United Kingdom,K02000001,620.7,6634,416363,40,41902,62.5
2020-09-23,United Kingdom,K02000001,610.8,6178,409729,37,41862,62.4
2020-09-22,United Kingdom,K02000001,601.6,4926,403551,37,41825,62.3
2020-09-21,United Kingdom,K02000001,594.2,4368,398625,11,41788,62.3
2020-09-20,United Kingdom,K02000001,587.7,3899,394257,18,41777,62.3
2020-09-19,United Kingdom,K02000001,581.9,4422,390358,27,41759,62.3
2020-09-18,United Kingdom,K02000001,575.3,4322,385936,27,41732,62.2
2020-09-17,United Kingdom,K02000001,568.9,3395,381614,21,41705,62.2
2020-09-16,United Kingdom,K02000001,563.8,3991,378219,20,41684,62.1
2020-09-15,United Kingdom,K02000001,557.9,3105,374228,27,41664,62.1
2020-09-14,United Kingdom,K02000001,553.2,2621,371125,9,41637,62.1
2020-09-13,United Kingdom,K02000001,549.3,3330,368504,5,41628,62.1
2020-09-12,United Kingdom,K02000001,544.4,3497,365174,9,41623,62.0
2020-09-11,United Kingdom,K02000001,539.2,3539,361677,6,41614,62.0
2020-09-10,United Kingdom,K02000001,533.9,2919,358138,14,41608,62.0
2020-09-09,United Kingdom,K02000001,529.5,2659,355219,8,41594,62.0
2020-09-08,United Kingdom,K02000001,525.6,2460,352560,32,41586,62.0
2020-09-07,United Kingdom,K02000001,521.9,2948,350100,3,41554,61.9
2020-09-06,United Kingdom,K02000001,517.5,2988,347152,2,41551,61.9
2020-09-05,United Kingdom,K02000001,513.1,1813,344164,12,41549,61.9
2020-09-04,United Kingdom,K02000001,510.4,1940,342351,10,41537,61.9
2020-09-03,United Kingdom,K02000001,507.5,1735,340411,13,41527,61.9
2020-09-02,United Kingdom,K02000001,504.9,1508,338676,10,41514,61.9
2020-09-01,United Kingdom,K02000001,502.6,1295,337168,3,41504,61.9
2020-08-31,United Kingdom,K02000001,500.7,1406,335873,2,41501,61.9
2020-08-30,United Kingdom,K02000001,498.6,1715,334467,1,41499,61.9
2020-08-29,United Kingdom,K02000001,496.0,1108,332752,12,41498,61.9
2020-08-28,United Kingdom,K02000001,494.4,1276,331644,9,41486,61.8
2020-08-27,United Kingdom,K02000001,492.5,1522,330368,12,41477,61.8
2020-08-26,United Kingdom,K02000001,490.2,1048,328846,16,41465,61.8
2020-08-25,United Kingdom,K02000001,488.7,1184,327798,16,41449,61.8
2020-08-24,United Kingdom,K02000001,486.9,853,326614,4,41433,61.8
2020-08-23,United Kingdom,K02000001,485.6,1160,325761,6,41429,61.8
2020-08-22,United Kingdom,K02000001,483.9,1288,324601,18,41423,61.8
2020-08-21,United Kingdom,K02000001,482.0,1033,323313,2,41405,61.7
2020-08-20,United Kingdom,K02000001,480.4,1182,322280,6,41403,61.7
2020-08-19,United Kingdom,K02000001,478.7,812,321098,16,41397,61.7
2020-08-18,United Kingdom,K02000001,477.5,1089,320286,12,41381,61.7
2020-08-17,United Kingdom,K02000001,475.8,713,319197,3,41369,61.7
2020-08-16,United Kingdom,K02000001,474.8,1040,318484,5,41366,61.7
2020-08-15,United Kingdom,K02000001,473.2,1077,317444,3,41361,61.7
2020-08-14,United Kingdom,K02000001,471.6,1441,316367,11,41358,61.7
2020-08-13,United Kingdom,K02000001,469.5,1129,314927,18,41347,61.6
2020-08-12,United Kingdom,K02000001,467.8,1009,313798,20,41329,61.6
2020-08-11,United Kingdom,K02000001,466.3,1148,312789,13,41309,61.6
2020-08-10,United Kingdom,K02000001,464.6,740,311641,18,41296,61.6
2020-08-09,United Kingdom,K02000001,463.4,1062,310825,5,41278,61.5
2020-08-08,United Kingdom,K02000001,461.8,758,309763,3,41273,61.5
2020-08-07,United Kingdom,K02000001,460.6,871,309005,12,41270,61.5
2020-08-06,United Kingdom,K02000001,459.3,950,308134,18,41258,61.5
2020-08-05,United Kingdom,K02000001,457.9,892,307184,14,41240,61.5
2020-08-04,United Kingdom,K02000001,456.6,670,306293,18,41226,61.5
2020-08-03,United Kingdom,K02000001,455.6,898,305623,1,41208,61.4
2020-08-02,United Kingdom,K02000001,454.2,744,304685,5,41207,61.4
2020-08-01,United Kingdom,K02000001,453.1,761,303942,13,41202,61.4
2020-07-31,United Kingdom,K02000001,452.0,880,303181,20,41189,61.4
2020-07-30,United Kingdom,K02000001,450.6,846,302301,0,41169,61.4
2020-07-29,United Kingdom,K02000001,449.4,763,301455,34,41169,61.4
2020-07-28,United Kingdom,K02000001,448.3,581,300692,21,41135,61.3
2020-07-27,United Kingdom,K02000001,447.4,685,300111,3,41114,61.3
2020-07-26,United Kingdom,K02000001,446.4,745,299426,8,41111,61.3
2020-07-25,United Kingdom,K02000001,445.3,767,298681,15,41103,61.3
2020-07-24,United Kingdom,K02000001,444.1,768,297914,32,41088,61.3
2020-07-23,United Kingdom,K02000001,443.0,769,297146,9,41056,61.2
2020-07-22,United Kingdom,K02000001,441.8,560,296377,17,41047,61.2
2020-07-21,United Kingdom,K02000001,441.0,445,295817,25,41030,61.2
2020-07-20,United Kingdom,K02000001,440.3,557,295372,10,41005,61.1
2020-07-19,United Kingdom,K02000001,439.5,726,294792,11,40995,61.1
2020-07-18,United Kingdom,K02000001,438.4,827,294066,9,40984,61.1
2020-07-17,United Kingdom,K02000001,437.1,687,293239,26,40975,61.1
2020-07-16,United Kingdom,K02000001,436.1,642,292552,24,40949,61.0
2020-07-15,United Kingdom,K02000001,435.2,538,291911,26,40925,61.0
2020-07-14,United Kingdom,K02000001,434.4,398,291373,44,40899,61.0
2020-07-13,United Kingdom,K02000001,432.5,530,290133,10,40855,60.9
2020-07-12,United Kingdom,K02000001,431.7,650,289603,9,40845,60.9
2020-07-11,United Kingdom,K02000001,430.8,820,288953,17,40836,60.9
2020-07-10,United Kingdom,K02000001,429.5,512,288133,34,40819,60.9
2020-07-09,United Kingdom,K02000001,428.8,642,287621,31,40785,60.8
2020-07-08,United Kingdom,K02000001,427.8,630,286979,57,40754,60.8
2020-07-07,United Kingdom,K02000001,426.9,581,286349,54,40697,60.7
2020-07-06,United Kingdom,K02000001,426.0,343,285768,11,40643,60.6
2020-07-05,United Kingdom,K02000001,425.5,516,285416,19,40632,60.6
2020-07-04,United Kingdom,K02000001,424.7,624,284900,32,40613,60.5
2020-07-03,United Kingdom,K02000001,423.8,544,284276,50,40581,60.5
2020-07-02,United Kingdom,K02000001,423.0,576,283757,41,40532,60.4
2020-07-01,United Kingdom,K02000001,467.3,829,313483,97,40491,60.4
2020-06-30,United Kingdom,K02000001,466.1,689,312654,53,40394,60.2
2020-06-29,United Kingdom,K02000001,465.1,815,311965,21,40341,60.1
2020-06-28,United Kingdom,K02000001,463.8,901,311151,31,40320,60.1
2020-06-27,United Kingdom,K02000001,462.5,890,310250,40,40289,60.1
2020-06-26,United Kingdom,K02000001,461.2,1006,309360,79,40249,60.0
2020-06-25,United Kingdom,K02000001,459.1,1118,307980,99,40172,59.9
2020-06-24,United Kingdom,K02000001,457.4,653,306862,87,40073,59.7
2020-06-23,United Kingdom,K02000001,456.5,874,306210,94,39986,59.6
2020-06-22,United Kingdom,K02000001,455.1,958,305289,14,39892,59.5
2020-06-21,United Kingdom,K02000001,453.7,1221,304331,31,39878,59.4
2020-06-20,United Kingdom,K02000001,451.9,1295,303110,71,39847,59.4
2020-06-19,United Kingdom,K02000001,449.9,1346,301815,84,39776,59.3
2020-06-18,United Kingdom,K02000001,447.9,1218,300469,67,39692,59.2
2020-06-17,United Kingdom,K02000001,446.1,1115,299251,110,39625,59.1
2020-06-16,United Kingdom,K02000001,444.4,1279,298136,120,39515,58.9
2020-06-15,United Kingdom,K02000001,442.5,1056,296857,29,39395,58.7
2020-06-14,United Kingdom,K02000001,441.1,1514,295889,27,39366,58.7
2020-06-13,United Kingdom,K02000001,438.8,1425,294375,107,39339,58.6
2020-06-12,United Kingdom,K02000001,436.7,1541,292950,131,39232,58.5
2020-06-11,United Kingdom,K02000001,434.4,1266,291409,76,39101,58.3
2020-06-10,United Kingdom,K02000001,432.5,1003,290143,164,39025,58.2
2020-06-09,United Kingdom,K02000001,431.0,1387,289140,195,38861,57.9
2020-06-08,United Kingdom,K02000001,428.4,1205,287399,47,38666,57.6
2020-06-07,United Kingdom,K02000001,426.6,1326,286194,54,38619,57.6
2020-06-06,United Kingdom,K02000001,424.7,1557,284868,143,38565,57.5
2020-06-05,United Kingdom,K02000001,422.3,1650,283311,258,38422,57.3
2020-06-04,United Kingdom,K02000001,419.9,1805,281661,130,38164,56.9
2020-06-03,United Kingdom,K02000001,417.2,1871,279856,254,38034,56.7
2020-06-02,United Kingdom,K02000001,414.4,1613,277985,249,37780,56.3
2020-06-01,United Kingdom,K02000001,411.9,1570,276332,86,37531,55.9
2020-05-31,United Kingdom,K02000001,409.6,1936,274762,60,37445,55.8
2020-05-30,United Kingdom,K02000001,406.7,2445,272826,154,37385,55.7
2020-05-29,United Kingdom,K02000001,404.3,2095,271222,274,37231,55.5
2020-05-28,United Kingdom,K02000001,401.2,1887,269127,343,36957,55.1
2020-05-27,United Kingdom,K02000001,398.4,2013,267240,422,36614,54.6
2020-05-26,United Kingdom,K02000001,395.4,2004,265227,131,36192,54.0
2020-05-25,United Kingdom,K02000001,389.4,1625,261184,104,36061,53.8
2020-05-24,United Kingdom,K02000001,386.9,2409,259559,379,35957,53.6
2020-05-23,United Kingdom,K02000001,383.3,2959,257154,220,35578,53.0
2020-05-22,United Kingdom,K02000001,378.9,3287,254195,291,35358,52.7
2020-05-21,United Kingdom,K02000001,374.0,2615,250908,273,35067,52.3
2020-05-20,United Kingdom,K02000001,370.1,2472,248293,328,34794,51.9
2020-05-19,United Kingdom,K02000001,370.9,2412,248818,500,34466,51.4
2020-05-18,United Kingdom,K02000001,367.3,2684,246406,146,33966,50.6
2020-05-17,United Kingdom,K02000001,363.3,3562,243723,67,33820,50.4
2020-05-16,United Kingdom,K02000001,358.0,3451,240161,411,33753,50.3
2020-05-15,United Kingdom,K02000001,352.9,3560,236711,350,33342,49.7
2020-05-14,United Kingdom,K02000001,347.6,3446,233151,352,32992,49.2
2020-05-13,United Kingdom,K02000001,342.4,3242,229705,447,32640,48.7
2020-05-12,United Kingdom,K02000001,337.6,3403,226463,614,32193,48.0
2020-05-11,United Kingdom,K02000001,332.5,3877,223060,187,31579,47.1
2020-05-10,United Kingdom,K02000001,326.7,3923,219183,217,31392,46.8
2020-05-09,United Kingdom,K02000001,320.9,3896,215260,275,31175,46.5
2020-05-08,United Kingdom,K02000001,315.1,4649,211364,579,30900,46.1
2020-05-07,United Kingdom,K02000001,308.2,5614,206715,458,30321,45.2
2020-05-06,United Kingdom,K02000001,299.8,6111,201101,647,29863,44.5
2020-05-05,United Kingdom,K02000001,290.7,4406,194990,726,29216,43.6
2020-05-04,United Kingdom,K02000001,284.1,3985,190584,272,28490,42.5
2020-05-03,United Kingdom,K02000001,278.2,4339,186599,253,28218,42.1
2020-05-02,United Kingdom,K02000001,271.7,4806,182260,584,27965,41.7
2020-05-01,United Kingdom,K02000001,264.5,6201,177454,698,27381,40.8
2020-04-30,United Kingdom,K02000001,255.3,6032,171253,634,26683,39.8
2020-04-29,United Kingdom,K02000001,246.3,4076,165221,769,26049,38.8
2020-04-28,United Kingdom,K02000001,240.2,3996,161145,969,25280,37.7
2020-04-27,United Kingdom,K02000001,234.3,4310,157149,320,24311,36.2
2020-04-26,United Kingdom,K02000001,227.8,4463,152840,364,23991,35.8
2020-04-25,United Kingdom,K02000001,221.2,4913,148377,815,23627,35.2
2020-04-24,United Kingdom,K02000001,213.9,5386,143464,1010,22812,34.0
2020-04-23,United Kingdom,K02000001,205.8,4583,138078,682,21802,32.5
2020-04-22,United Kingdom,K02000001,199.0,4451,133495,847,21120,31.5
2020-04-21,United Kingdom,K02000001,192.4,4301,129044,1224,20273,30.2
2020-04-20,United Kingdom,K02000001,186.0,4676,124743,570,19049,28.4
2020-04-19,United Kingdom,K02000001,179.0,5850,120067,432,18479,27.5
2020-04-18,United Kingdom,K02000001,170.3,5526,114217,1105,18047,26.9
2020-04-17,United Kingdom,K02000001,162.0,5599,108692,913,16942,25.3
2020-04-16,United Kingdom,K02000001,153.7,4618,103093,1036,16029,23.9
2020-04-15,United Kingdom,K02000001,146.8,4605,98476,880,14993,22.4
2020-04-14,United Kingdom,K02000001,139.9,5252,93873,1076,14113,21.0
2020-04-13,United Kingdom,K02000001,132.1,4342,88621,724,13037,19.4
2020-04-12,United Kingdom,K02000001,125.6,5288,84279,657,12313,18.4
2020-04-11,United Kingdom,K02000001,117.8,5234,78991,843,11656,17.4
2020-04-10,United Kingdom,K02000001,110.0,5706,73758,1122,10813,16.1
2020-04-09,United Kingdom,K02000001,101.4,4675,68052,1116,9691,14.4
2020-04-08,United Kingdom,K02000001,94.5,5865,63377,1030,8575,12.8
2020-04-07,United Kingdom,K02000001,85.7,3888,57512,1105,7545,11.2
2020-04-06,United Kingdom,K02000001,79.9,4143,53624,567,6440,9.6
2020-04-05,United Kingdom,K02000001,73.8,6199,49481,599,5873,8.8
2020-04-04,United Kingdom,K02000001,64.5,4000,43282,756,5274,7.9
2020-04-03,United Kingdom,K02000001,58.6,4672,39282,736,4518,6.7
2020-04-02,United Kingdom,K02000001,51.6,4522,34610,657,3782,5.6
2020-04-01,United Kingdom,K02000001,44.9,4567,30088,672,3125,4.7
2020-03-31,United Kingdom,K02000001,38.0,3250,25521,403,2453,3.7
2020-03-30,United Kingdom,K02000001,33.2,2665,22271,374,2050,3.1
2020-03-29,United Kingdom,K02000001,29.2,2502,19606,212,1676,2.5
2020-03-28,United Kingdom,K02000001,25.5,2556,17104,292,1464,2.2
2020-03-27,United Kingdom,K02000001,21.7,2890,14548,288,1172,1.7
2020-03-26,United Kingdom,K02000001,17.4,2129,11658,181,884,1.3
2020-03-25,United Kingdom,K02000001,14.2,1452,9529,191,703,1.0
2020-03-24,United Kingdom,K02000001,12.0,1427,8077,148,512,0.8
2020-03-23,United Kingdom,K02000001,9.9,967,6650,76,364,0.5
2020-03-22,United Kingdom,K02000001,8.5,665,5683,36,288,0.4
2020-03-21,United Kingdom,K02000001,7.5,1035,5018,58,252,0.4
2020-03-20,United Kingdom,K02000001,5.9,714,3983,32,194,0.3
2020-03-19,United Kingdom,K02000001,4.9,643,3269,45,162,0.2
2020-03-18,United Kingdom,K02000001,3.9,676,2626,34,116,0.2
2020-03-17,United Kingdom,K02000001,2.9,407,1950,16,82,0.1
2020-03-16,United Kingdom,K02000001,2.3,152,1543,22,65,0.1
2020-03-15,United Kingdom,K02000001,2.1,330,1391,14,43,0.1
2020-03-14,United Kingdom,K02000001,1.6,264,1061,18,29,
2020-03-13,United Kingdom,K02000001,1.2,207,797,1,10,
2020-03-12,United Kingdom,K02000001,0.9,134,590,2,9,
2020-03-11,United Kingdom,K02000001,0.7,83,456,0,7,
2020-03-10,United Kingdom,K02000001,0.6,52,373,4,7,
2020-03-09,United Kingdom,K02000001,0.5,50,321,1,3,
2020-03-08,United Kingdom,K02000001,0.4,65,271,0,2,
2020-03-07,United Kingdom,K02000001,0.3,46,206,1,2,
2020-03-06,United Kingdom,K02000001,0.2,46,160,1,1,
2020-03-05,United Kingdom,K02000001,0.2,29,114,,,
2020-03-04,United Kingdom,K02000001,0.1,34,85,,,
2020-03-03,United Kingdom,K02000001,0.1,11,51,,,
2020-03-02,United Kingdom,K02000001,0.1,5,40,,,
2020-03-01,United Kingdom,K02000001,0.1,12,35,,,
2020-02-29,United Kingdom,K02000001,,4,23,,,
2020-02-28,United Kingdom,K02000001,,6,19,,,
2020-02-27,United Kingdom,K02000001,,0,13,,,
2020-02-26,United Kingdom,K02000001,,0,13,,,
2020-02-25,United Kingdom,K02000001,,0,13,,,
2020-02-24,United Kingdom,K02000001,,4,13,,,
2020-02-23,United Kingdom,K02000001,,0,9,,,
2020-02-22,United Kingdom,K02000001,,0,9,,,
2020-02-21,United Kingdom,K02000001,,0,9,,,
2020-02-20,United Kingdom,K02000001,,0,9,,,
2020-02-19,United Kingdom,K02000001,,0,9,,,
2020-02-18,United Kingdom,K02000001,,0,9,,,
2020-02-17,United Kingdom,K02000001,,0,9,,,
2020-02-16,United Kingdom,K02000001,,0,9,,,
2020-02-15,United Kingdom,K02000001,,0,9,,,
2020-02-14,United Kingdom,K02000001,,0,9,,,
2020-02-13,United Kingdom,K02000001,,1,9,,,
2020-02-12,United Kingdom,K02000001,,0,8,,,
2020-02-11,United Kingdom,K02000001,,0,8,,,
2020-02-10,United Kingdom,K02000001,,4,8,,,
2020-02-09,United Kingdom,K02000001,,1,4,,,
2020-02-08,United Kingdom,K02000001,,0,3,,,
2020-02-07,United Kingdom,K02000001,,0,3,,,
2020-02-06,United Kingdom,K02000001,,1,3,,,
2020-02-05,United Kingdom,K02000001,,0,2,,,
2020-02-04,United Kingdom,K02000001,,0,2,,,
2020-02-03,United Kingdom,K02000001,,0,2,,,
2020-02-02,United Kingdom,K02000001,,0,2,,,
2020-02-01,United Kingdom,K02000001,,0,2,,,
2020-01-31,United Kingdom,K02000001,,2,2,,,
